triple,month,both_id,men_id,women_id,both,men,women,men+women,error
ALL 16+ | Employed full time (persons who usually work 35 hours or more),1969M06,LNU02500000,LNU02500001,LNU02500002,68263.0,46282.0,21974.0,68256.0,-7.0
ALL 16+ | Employed full time (persons who usually work 35 hours or more),1972M01,LNU02500000,LNU02500001,LNU02500002,66552.0,44492.0,22063.0,66555.0,3.0
ALL 16+ | Employed full time (persons who usually work 35 hours or more),1973M08,LNU02500000,LNU02500001,LNU02500002,75358.0,50201.0,25154.0,75355.0,-3.0
ALL 16+ | Employed full time (persons who usually work 35 hours or more),1974M06,LNU02500000,LNU02500001,LNU02500002,75175.0,50114.0,25032.0,75146.0,-29.0
ALL 16+ | Employed full time (persons who usually work 35 hours or more),1975M09,LNU02500000,LNU02500001,LNU02500002,72442.0,47448.0,24997.0,72445.0,3.0
ALL 16+ | Employed part time (persons who usually work less than 35 hours),1971M08,LNU02600000,LNU02600001,LNU02600002,10832.0,3839.0,6996.0,10835.0,3.0
ALL 16+ | Employed part time (persons who usually work less than 35 hours),1975M06,LNU02600000,LNU02600001,LNU02600002,13920.0,4750.0,8540.0,13290.0,-630.0
ALL 16+ | Employed part time (persons who usually work less than 35 hours),1975M08,LNU02600000,LNU02600001,LNU02600002,12769.0,4254.0,9146.0,13400.0,631.0
ALL 16+ | Employed part time (persons who usually work less than 35 hours),1975M10,LNU02600000,LNU02600001,LNU02600002,14767.0,4986.0,9778.0,14764.0,-3.0
ALL 16+ | Unemployed looking for full-time work,1975M11,LNU03100000,LNU03100001,LNU03100002,5817.0,3381.0,2416.0,5797.0,-20.0
ALL 16+ | Unemployed looking for part-time work,1976M04,LNU03200000,LNU03200001,LNU03200002,1342.0,830.0,712.0,1542.0,200.0
ages=25 years and over | Civilian labor force,1976M07,LNU01000048,LNU01000049,LNU01000050,72094.0,44450.0,27641.0,72091.0,-3.0
ages=25 years and over | Employed,1976M09,LNU02000048,LNU02000049,LNU02000050,69756.0,42922.0,26837.0,69759.0,3.0
ages=25 years and over | Employed full time (persons who usually work 35 hours or more),1986M07,LNU02500048,LNU02500049,LNU02500050,77474.0,47460.0,30011.0,77471.0,-3.0
ages=25 years and over | Employed full time (persons who usually work 35 hours or more),1986M12,LNU02500048,LNU02500049,LNU02500050,78545.0,47714.0,30834.0,78548.0,3.0
ages=25 years and over | Employed full time (persons who usually work 35 hours or more),1987M04,LNU02500048,LNU02500049,LNU02500050,79035.0,47998.0,31034.0,79032.0,-3.0
ages=25 years and over | Employed full time (persons who usually work 35 hours or more),1988M02,LNU02500048,LNU02500049,LNU02500050,80497.0,48607.0,31893.0,80500.0,3.0
ages=25 years and over | Employed part time (persons who usually work less than 35 hours),1986M07,LNU02600048,LNU02600049,LNU02600050,11661.0,3018.0,8640.0,11658.0,-3.0
ages=25 years and over | Unemployed looking for full-time work,1978M06,LNU03100048,LNU03100049,LNU03100050,2472.0,1241.0,1234.0,2475.0,3.0
ages=25 years and over | Unemployed looking for full-time work,1985M07,LNU03100048,LNU03100049,LNU03100050,4526.0,2490.0,2033.0,4523.0,-3.0
ages=25 years and over | Unemployed looking for part-time work,1980M01,LNU03200048,LNU03200049,LNU03200050,565.0,150.0,412.0,562.0,-3.0
ages=25 to 54 years | Civilian labor force,1980M08,LNU01000060,LNU01000061,LNU01000062,66263.0,38861.0,27399.0,66260.0,-3.0
ages=25 to 54 years | Employed full time (persons who usually work 35 hours or more),1987M12,LNU02500060,LNU02500061,LNU02500062,69891.0,41854.0,28034.0,69888.0,-3.0
ages=25 to 54 years | Employed part time (persons who usually work less than 35 hours),1986M02,LNU02600060,LNU02600061,LNU02600062,8872.0,1700.0,7175.0,8875.0,3.0
ages=25 to 54 years | Employed part time (persons who usually work less than 35 hours),1988M09,LNU02600060,LNU02600061,LNU02600062,9131.0,1724.0,7410.0,9134.0,3.0
ages=25 to 54 years | Unemployed,1978M10,LNU03000060,LNU03000061,LNU03000062,2496.0,1118.0,1381.0,2499.0,3.0
ages=55 years and over | Civilian labor force,1978M01,LNU01024230,LNU01024231,LNU01024232,14630.0,8904.0,5723.0,14627.0,-3.0
ages=55 years and over | Employed part time (persons who usually work less than 35 hours),1988M10,LNU02624230,LNU02624231,LNU02624232,3644.0,1498.0,2149.0,3647.0,3.0
indy=Agriculture and related industries | Employed,1967M01,LNU02034560,LNU02035117,LNU02035121,3335.0,2863.0,347.0,3210.0,-125.0
indy=Agriculture and related industries | Employed,1967M02,LNU02034560,LNU02035117,LNU02035121,3280.0,2856.0,333.0,3189.0,-91.0
indy=Agriculture and related industries | Employed,1967M03,LNU02034560,LNU02035117,LNU02035121,3410.0,2932.0,391.0,3323.0,-87.0
indy=Agriculture and related industries | Employed,1967M04,LNU02034560,LNU02035117,LNU02035121,3722.0,3130.0,397.0,3527.0,-195.0
indy=Agriculture and related industries | Employed,1967M05,LNU02034560,LNU02035117,LNU02035121,3824.0,3143.0,421.0,3564.0,-260.0
indy=Agriculture and related industries | Employed,1967M06,LNU02034560,LNU02035117,LNU02035121,4396.0,3493.0,473.0,3966.0,-430.0
indy=Agriculture and related industries | Employed,1967M07,LNU02034560,LNU02035117,LNU02035121,4516.0,3572.0,472.0,4044.0,-472.0
indy=Agriculture and related industries | Employed,1967M08,LNU02034560,LNU02035117,LNU02035121,4378.0,3456.0,461.0,3917.0,-461.0
indy=Agriculture and related industries | Employed,1967M09,LNU02034560,LNU02035117,LNU02035121,3931.0,3254.0,370.0,3624.0,-307.0
indy=Agriculture and related industries | Employed,1967M10,LNU02034560,LNU02035117,LNU02035121,4032.0,3227.0,426.0,3653.0,-379.0
indy=Agriculture and related industries | Employed,1967M11,LNU02034560,LNU02035117,LNU02035121,3759.0,3086.0,391.0,3477.0,-282.0
indy=Agriculture and related industries | Employed,1967M12,LNU02034560,LNU02035117,LNU02035121,3544.0,2953.0,369.0,3322.0,-222.0
indy=Agriculture and related industries | Employed,1968M01,LNU02034560,LNU02035117,LNU02035121,3365.0,2898.0,344.0,3242.0,-123.0
indy=Agriculture and related industries | Employed,1968M02,LNU02034560,LNU02035117,LNU02035121,3462.0,2992.0,360.0,3352.0,-110.0
indy=Agriculture and related industries | Employed,1968M03,LNU02034560,LNU02035117,LNU02035121,3537.0,3015.0,385.0,3400.0,-137.0
indy=Agriculture and related industries | Employed,1968M04,LNU02034560,LNU02035117,LNU02035121,3851.0,3241.0,408.0,3649.0,-202.0
indy=Agriculture and related industries | Employed,1968M05,LNU02034560,LNU02035117,LNU02035121,3995.0,3259.0,477.0,3736.0,-259.0
indy=Agriculture and related industries | Employed,1968M06,LNU02034560,LNU02035117,LNU02035121,4516.0,3607.0,508.0,4115.0,-401.0
indy=Agriculture and related industries | Employed,1968M07,LNU02034560,LNU02035117,LNU02035121,4477.0,3614.0,476.0,4090.0,-387.0
indy=Agriculture and related industries | Employed,1968M08,LNU02034560,LNU02035117,LNU02035121,4107.0,3351.0,391.0,3742.0,-365.0
indy=Agriculture and related industries | Employed,1968M09,LNU02034560,LNU02035117,LNU02035121,3836.0,3136.0,384.0,3520.0,-316.0
indy=Agriculture and related industries | Employed,1968M10,LNU02034560,LNU02035117,LNU02035121,3768.0,3046.0,383.0,3429.0,-339.0
indy=Agriculture and related industries | Employed,1968M11,LNU02034560,LNU02035117,LNU02035121,3607.0,2962.0,310.0,3272.0,-335.0
indy=Agriculture and related industries | Employed,1968M12,LNU02034560,LNU02035117,LNU02035121,3278.0,2758.0,291.0,3049.0,-229.0
indy=Agriculture and related industries | Employed,1969M01,LNU02034560,LNU02035117,LNU02035121,3165.0,2678.0,253.0,2931.0,-234.0
indy=Agriculture and related industries | Employed,1969M02,LNU02034560,LNU02035117,LNU02035121,3285.0,2777.0,282.0,3059.0,-226.0
indy=Agriculture and related industries | Employed,1969M03,LNU02034560,LNU02035117,LNU02035121,3327.0,2833.0,285.0,3118.0,-209.0
indy=Agriculture and related industries | Employed,1969M04,LNU02034560,LNU02035117,LNU02035121,3606.0,3018.0,340.0,3358.0,-248.0
indy=Agriculture and related industries | Employed,1969M05,LNU02034560,LNU02035117,LNU02035121,3895.0,3155.0,417.0,3572.0,-323.0
indy=Agriculture and related industries | Employed,1969M06,LNU02034560,LNU02035117,LNU02035121,4368.0,3442.0,471.0,3913.0,-455.0
indy=Agriculture and related industries | Employed,1969M07,LNU02034560,LNU02035117,LNU02035121,4155.0,3322.0,405.0,3727.0,-428.0
indy=Agriculture and related industries | Employed,1969M08,LNU02034560,LNU02035117,LNU02035121,3977.0,3223.0,359.0,3582.0,-395.0
indy=Agriculture and related industries | Employed,1969M09,LNU02034560,LNU02035117,LNU02035121,3630.0,2988.0,340.0,3328.0,-302.0
indy=Agriculture and related industries | Employed,1969M10,LNU02034560,LNU02035117,LNU02035121,3561.0,2891.0,355.0,3246.0,-315.0
indy=Agriculture and related industries | Employed,1969M11,LNU02034560,LNU02035117,LNU02035121,3322.0,2722.0,288.0,3010.0,-312.0
indy=Agriculture and related industries | Employed,1969M12,LNU02034560,LNU02035117,LNU02035121,2984.0,2511.0,254.0,2765.0,-219.0
indy=Agriculture and related industries | Employed,1970M01,LNU02034560,LNU02035117,LNU02035121,2916.0,2484.0,236.0,2720.0,-196.0
indy=Agriculture and related industries | Employed,1970M02,LNU02034560,LNU02035117,LNU02035121,2994.0,2546.0,261.0,2807.0,-187.0
indy=Agriculture and related industries | Employed,1970M03,LNU02034560,LNU02035117,LNU02035121,3170.0,2704.0,243.0,2947.0,-223.0
indy=Agriculture and related industries | Employed,1970M04,LNU02034560,LNU02035117,LNU02035121,3531.0,2978.0,297.0,3275.0,-256.0
indy=Agriculture and related industries | Employed,1970M05,LNU02034560,LNU02035117,LNU02035121,3726.0,3057.0,366.0,3423.0,-303.0
indy=Agriculture and related industries | Employed,1970M06,LNU02034560,LNU02035117,LNU02035121,4209.0,3342.0,415.0,3757.0,-452.0
indy=Agriculture and related industries | Employed,1970M07,LNU02034560,LNU02035117,LNU02035121,4120.0,3291.0,392.0,3683.0,-437.0
indy=Agriculture and related industries | Employed,1970M08,LNU02034560,LNU02035117,LNU02035121,3785.0,3092.0,347.0,3439.0,-346.0
indy=Agriculture and related industries | Employed,1970M09,LNU02034560,LNU02035117,LNU02035121,3527.0,2906.0,343.0,3249.0,-278.0
indy=Agriculture and related industries | Employed,1970M10,LNU02034560,LNU02035117,LNU02035121,3397.0,2773.0,341.0,3114.0,-283.0
indy=Agriculture and related industries | Employed,1970M11,LNU02034560,LNU02035117,LNU02035121,3229.0,2667.0,321.0,2988.0,-241.0
indy=Agriculture and related industries | Employed,1970M12,LNU02034560,LNU02035117,LNU02035121,2955.0,2508.0,293.0,2801.0,-154.0
indy=Agriculture and related industries | Employed,1971M01,LNU02034560,LNU02035117,LNU02035121,2881.0,2459.0,237.0,2696.0,-185.0
indy=Agriculture and related industries | Employed,1971M02,LNU02034560,LNU02035117,LNU02035121,2849.0,2426.0,272.0,2698.0,-151.0
indy=Agriculture and related industries | Employed,1971M03,LNU02034560,LNU02035117,LNU02035121,3046.0,2599.0,258.0,2857.0,-189.0
indy=Agriculture and related industries | Employed,1971M04,LNU02034560,LNU02035117,LNU02035121,3510.0,2925.0,289.0,3214.0,-296.0
indy=Agriculture and related industries | Employed,1971M05,LNU02034560,LNU02035117,LNU02035121,3604.0,2935.0,315.0,3250.0,-354.0
indy=Agriculture and related industries | Employed,1971M06,LNU02034560,LNU02035117,LNU02035121,3926.0,3128.0,357.0,3485.0,-441.0
indy=Agriculture and related industries | Employed,1971M07,LNU02034560,LNU02035117,LNU02035121,3979.0,3177.0,332.0,3509.0,-470.0
indy=Agriculture and related industries | Employed,1971M08,LNU02034560,LNU02035117,LNU02035121,3773.0,3070.0,348.0,3418.0,-355.0
indy=Agriculture and related industries | Employed,1971M09,LNU02034560,LNU02035117,LNU02035121,3452.0,2812.0,274.0,3086.0,-366.0
indy=Agriculture and related industries | Employed,1971M10,LNU02034560,LNU02035117,LNU02035121,3478.0,2828.0,275.0,3103.0,-375.0
indy=Agriculture and related industries | Employed,1971M11,LNU02034560,LNU02035117,LNU02035121,3270.0,2699.0,276.0,2975.0,-295.0
indy=Agriculture and related industries | Employed,1971M12,LNU02034560,LNU02035117,LNU02035121,2956.0,2481.0,237.0,2718.0,-238.0
indy=Agriculture and related industries | Employed,1972M01,LNU02034560,LNU02035117,LNU02035121,2876.0,2429.0,218.0,2647.0,-229.0
indy=Agriculture and related industries | Employed,1972M02,LNU02034560,LNU02035117,LNU02035121,2918.0,2461.0,244.0,2705.0,-213.0
indy=Agriculture and related industries | Employed,1972M03,LNU02034560,LNU02035117,LNU02035121,3104.0,2562.0,267.0,2829.0,-275.0
indy=Agriculture and related industries | Employed,1972M04,LNU02034560,LNU02035117,LNU02035121,3298.0,2718.0,292.0,3010.0,-288.0
indy=Agriculture and related industries | Employed,1972M05,LNU02034560,LNU02035117,LNU02035121,3544.0,2832.0,296.0,3128.0,-416.0
indy=Agriculture and related industries | Employed,1972M06,LNU02034560,LNU02035117,LNU02035121,3989.0,3199.0,313.0,3512.0,-477.0
indy=Agriculture and related industries | Employed,1972M07,LNU02034560,LNU02035117,LNU02035121,4074.0,3244.0,345.0,3589.0,-485.0
indy=Agriculture and related industries | Employed,1972M08,LNU02034560,LNU02035117,LNU02035121,4045.0,3240.0,330.0,3570.0,-475.0
indy=Agriculture and related industries | Employed,1972M09,LNU02034560,LNU02035117,LNU02035121,3673.0,3010.0,294.0,3304.0,-369.0
indy=Agriculture and related industries | Employed,1972M10,LNU02034560,LNU02035117,LNU02035121,3735.0,3016.0,254.0,3270.0,-465.0
indy=Agriculture and related industries | Employed,1972M11,LNU02034560,LNU02035117,LNU02035121,3375.0,2791.0,241.0,3032.0,-343.0
indy=Agriculture and related industries | Employed,1972M12,LNU02034560,LNU02035117,LNU02035121,3176.0,2682.0,221.0,2903.0,-273.0
indy=Agriculture and related industries | Employed,1973M01,LNU02034560,LNU02035117,LNU02035121,2968.0,2536.0,199.0,2735.0,-233.0
indy=Agriculture and related industries | Employed,1973M02,LNU02034560,LNU02035117,LNU02035121,2969.0,2500.0,226.0,2726.0,-243.0
indy=Agriculture and related industries | Employed,1973M03,LNU02034560,LNU02035117,LNU02035121,3146.0,2636.0,246.0,2882.0,-264.0
indy=Agriculture and related industries | Employed,1973M04,LNU02034560,LNU02035117,LNU02035121,3311.0,2766.0,267.0,3033.0,-278.0
indy=Agriculture and related industries | Employed,1973M05,LNU02034560,LNU02035117,LNU02035121,3485.0,2856.0,285.0,3141.0,-344.0
indy=Agriculture and related industries | Employed,1973M06,LNU02034560,LNU02035117,LNU02035121,4073.0,3241.0,325.0,3566.0,-507.0
indy=Agriculture and related industries | Employed,1973M07,LNU02034560,LNU02035117,LNU02035121,4185.0,3245.0,352.0,3597.0,-588.0
indy=Agriculture and related industries | Employed,1973M08,LNU02034560,LNU02035117,LNU02035121,3845.0,3087.0,340.0,3427.0,-418.0
indy=Agriculture and related industries | Employed,1973M09,LNU02034560,LNU02035117,LNU02035121,3455.0,2841.0,294.0,3135.0,-320.0
indy=Agriculture and related industries | Employed,1973M10,LNU02034560,LNU02035117,LNU02035121,3543.0,2895.0,288.0,3183.0,-360.0
indy=Agriculture and related industries | Employed,1973M11,LNU02034560,LNU02035117,LNU02035121,3439.0,2863.0,269.0,3132.0,-307.0
indy=Agriculture and related industries | Employed,1973M12,LNU02034560,LNU02035117,LNU02035121,3220.0,2702.0,257.0,2959.0,-261.0
indy=Agriculture and related industries | Employed,1974M01,LNU02034560,LNU02035117,LNU02035121,3214.0,2712.0,255.0,2967.0,-247.0
indy=Agriculture and related industries | Employed,1974M02,LNU02034560,LNU02035117,LNU02035121,3302.0,2776.0,250.0,3026.0,-276.0
indy=Agriculture and related industries | Employed,1974M03,LNU02034560,LNU02035117,LNU02035121,3354.0,2814.0,253.0,3067.0,-287.0
indy=Agriculture and related industries | Employed,1974M04,LNU02034560,LNU02035117,LNU02035121,3459.0,2905.0,247.0,3152.0,-307.0
indy=Agriculture and related industries | Employed,1974M05,LNU02034560,LNU02035117,LNU02035121,3628.0,2985.0,277.0,3262.0,-366.0
indy=Agriculture and related industries | Employed,1974M06,LNU02034560,LNU02035117,LNU02035121,3921.0,3182.0,272.0,3454.0,-467.0
indy=Agriculture and related industries | Employed,1974M07,LNU02034560,LNU02035117,LNU02035121,4049.0,3227.0,321.0,3548.0,-501.0
indy=Agriculture and related industries | Employed,1974M08,LNU02034560,LNU02035117,LNU02035121,3876.0,3184.0,307.0,3491.0,-385.0
indy=Agriculture and related industries | Employed,1974M09,LNU02034560,LNU02035117,LNU02035121,3589.0,2975.0,291.0,3266.0,-323.0
indy=Agriculture and related industries | Employed,1974M10,LNU02034560,LNU02035117,LNU02035121,3562.0,2943.0,295.0,3238.0,-324.0
indy=Agriculture and related industries | Employed,1974M11,LNU02034560,LNU02035117,LNU02035121,3249.0,2752.0,257.0,3009.0,-240.0
indy=Agriculture and related industries | Employed,1974M12,LNU02034560,LNU02035117,LNU02035121,2982.0,2580.0,224.0,2804.0,-178.0
indy=Agriculture and related industries | Employed,1975M01,LNU02034560,LNU02035117,LNU02035121,2910.0,2468.0,221.0,2689.0,-221.0
indy=Agriculture and related industries | Employed,1975M02,LNU02034560,LNU02035117,LNU02035121,2913.0,2498.0,227.0,2725.0,-188.0
indy=Agriculture and related industries | Employed,1975M03,LNU02034560,LNU02035117,LNU02035121,3013.0,2595.0,219.0,2814.0,-199.0
indy=Agriculture and related industries | Employed,1975M04,LNU02034560,LNU02035117,LNU02035121,3199.0,2726.0,226.0,2952.0,-247.0
indy=Agriculture and related industries | Employed,1975M05,LNU02034560,LNU02035117,LNU02035121,3651.0,2971.0,258.0,3229.0,-422.0
indy=Agriculture and related industries | Employed,1975M06,LNU02034560,LNU02035117,LNU02035121,3902.0,3162.0,267.0,3429.0,-473.0
indy=Agriculture and related industries | Employed,1975M07,LNU02034560,LNU02035117,LNU02035121,4122.0,3273.0,308.0,3581.0,-541.0
indy=Agriculture and related industries | Employed,1975M08,LNU02034560,LNU02035117,LNU02035121,3919.0,3131.0,285.0,3416.0,-503.0
indy=Agriculture and related industries | Employed,1975M09,LNU02034560,LNU02035117,LNU02035121,3657.0,3007.0,265.0,3272.0,-385.0
indy=Agriculture and related industries | Employed,1975M10,LNU02034560,LNU02035117,LNU02035121,3554.0,2910.0,263.0,3173.0,-381.0
indy=Agriculture and related industries | Employed,1975M11,LNU02034560,LNU02035117,LNU02035121,3185.0,2696.0,254.0,2950.0,-235.0
indy=Agriculture and related industries | Employed,1975M12,LNU02034560,LNU02035117,LNU02035121,2884.0,2458.0,209.0,2667.0,-217.0
indy=Agriculture and related industries | Employed,1976M01,LNU02034560,LNU02035117,LNU02035121,2881.0,2421.0,220.0,2641.0,-240.0
indy=Agriculture and related industries | Employed,1976M02,LNU02034560,LNU02035117,LNU02035121,2829.0,2457.0,208.0,2665.0,-164.0
indy=Agriculture and related industries | Employed,1976M03,LNU02034560,LNU02035117,LNU02035121,2927.0,2508.0,216.0,2724.0,-203.0
indy=Agriculture and related industries | Employed,1976M04,LNU02034560,LNU02035117,LNU02035121,3306.0,2758.0,233.0,2991.0,-315.0
indy=Agriculture and related industries | Employed,1976M05,LNU02034560,LNU02035117,LNU02035121,3452.0,2862.0,275.0,3137.0,-315.0
"indy=Mining, quarrying, and oil and gas extraction | Employed",2002M05,LNU02034561,LNU02037823,LNU02037917,503.0,431.0,75.0,506.0,3.0
indy=Construction | Employed,2002M05,LNU02034562,LNU02037824,LNU02037918,9799.0,8850.0,966.0,9816.0,17.0
indy=Nondurable goods manufacturing | Employed,2002M05,LNU02034565,LNU02037827,LNU02037921,6469.0,4166.0,2312.0,6478.0,9.0
indy=Manufacturing | Employed,2002M05,LNU02034563,LNU02037825,LNU02037919,17324.0,12202.0,5141.0,17343.0,19.0
indy=Durable goods manufacturing | Employed,2002M05,LNU02034564,LNU02037826,LNU02037920,10855.0,8036.0,2828.0,10864.0,9.0
indy=Wholesale and retail trade | Employed,2002M05,LNU02034566,LNU02037828,LNU02037922,19730.0,10845.0,9036.0,19881.0,151.0
indy=Wholesale trade | Employed,2002M05,LNU02034567,LNU02037829,LNU02037923,4213.0,2929.0,1359.0,4288.0,75.0
indy=Retail trade | Employed,2002M05,LNU02034568,LNU02037830,LNU02037924,15517.0,7916.0,7677.0,15593.0,76.0
indy=Transportation and utilities | Employed,2002M05,LNU02034570,LNU02037831,LNU02037925,7440.0,5679.0,1770.0,7449.0,9.0
indy=Transportation and warehousing | Employed,2002M05,LNU02034569,LNU02037832,LNU02037926,6144.0,4707.0,1462.0,6169.0,25.0
indy=Information | Employed,2002M05,LNU02034571,LNU02037834,LNU02037928,3697.0,2080.0,1551.0,3631.0,-66.0
indy=Financial activities | Employed,2002M05,LNU02034572,LNU02037835,LNU02037929,9512.0,4121.0,5468.0,9589.0,77.0
indy=Professional and business services | Employed,2002M05,LNU02034573,LNU02037838,LNU02037932,13938.0,7951.0,6029.0,13980.0,42.0
indy=Education and health services | Employed,2002M05,LNU02034574,LNU02037841,LNU02037935,27268.0,6801.0,20607.0,27408.0,140.0
indy=Leisure and hospitality | Employed,2002M05,LNU02034575,LNU02037847,LNU02037941,11824.0,5992.0,5847.0,11839.0,15.0
indy=Other services | Employed,2002M05,LNU02034576,LNU02037850,LNU02037944,6621.0,3234.0,3398.0,6632.0,11.0
"indy=Other services, except private households | Employed",2002M05,LNU02034577,LNU02037851,LNU02037945,5922.0,3114.0,2823.0,5937.0,15.0
indy=Public administration | Employed,2002M05,LNU02034579,LNU02037853,LNU02037947,6593.0,3576.0,3010.0,6586.0,-7.0
race=White | Civilian noninstitutional population,1954M06,LNU00000003,LNU00000004,LNU00000005,97658.0,46448.0,51213.0,97661.0,3.0
race=White | Civilian noninstitutional population,1972M04,LNU00000003,LNU00000004,LNU00000005,127372.0,60216.0,67166.0,127382.0,10.0
