triple,both_id,men_id,women_id,months,max_abs_error_000s,status
ALL 16+ | Employed part time (persons who usually work less than 35 hours),LNU02600000,LNU02600001,LNU02600002,701,631.0,4 fail
indy=Agriculture and related industries | Employed,LNU02034560,LNU02035117,LNU02035121,941,588.0,113 fail
ALL 16+ | Unemployed looking for part-time work,LNU03200000,LNU03200001,LNU03200002,701,200.0,1 fail
indy=Wholesale and retail trade | Employed,LNU02034566,LNU02037828,LNU02037922,521,151.0,1 fail
indy=Education and health services | Employed,LNU02034574,LNU02037841,LNU02037935,521,140.0,1 fail
indy=Financial activities | Employed,LNU02034572,LNU02037835,LNU02037929,521,77.0,1 fail
indy=Retail trade | Employed,LNU02034568,LNU02037830,LNU02037924,521,76.0,1 fail
indy=Wholesale trade | Employed,LNU02034567,LNU02037829,LNU02037923,521,75.0,1 fail
indy=Information | Employed,LNU02034571,LNU02037834,LNU02037928,521,66.0,1 fail
indy=Professional and business services | Employed,LNU02034573,LNU02037838,LNU02037932,521,42.0,1 fail
ALL 16+ | Employed full time (persons who usually work 35 hours or more),LNU02500000,LNU02500001,LNU02500002,701,29.0,5 fail
indy=Transportation and warehousing | Employed,LNU02034569,LNU02037832,LNU02037926,521,25.0,1 fail
ALL 16+ | Unemployed looking for full-time work,LNU03100000,LNU03100001,LNU03100002,701,20.0,1 fail
indy=Manufacturing | Employed,LNU02034563,LNU02037825,LNU02037919,521,19.0,1 fail
indy=Construction | Employed,LNU02034562,LNU02037824,LNU02037918,521,17.0,1 fail
indy=Leisure and hospitality | Employed,LNU02034575,LNU02037847,LNU02037941,521,15.0,1 fail
"indy=Other services, except private households | Employed",LNU02034577,LNU02037851,LNU02037945,521,15.0,1 fail
indy=Other services | Employed,LNU02034576,LNU02037850,LNU02037944,521,11.0,1 fail
race=White | Civilian noninstitutional population,LNU00000003,LNU00000004,LNU00000005,869,10.0,2 fail
indy=Transportation and utilities | Employed,LNU02034570,LNU02037831,LNU02037925,521,9.0,1 fail
indy=Nondurable goods manufacturing | Employed,LNU02034565,LNU02037827,LNU02037921,521,9.0,1 fail
indy=Durable goods manufacturing | Employed,LNU02034564,LNU02037826,LNU02037920,521,9.0,1 fail
indy=Public administration | Employed,LNU02034579,LNU02037853,LNU02037947,521,7.0,1 fail
ages=55 years and over | Civilian labor force,LNU01024230,LNU01024231,LNU01024232,941,3.0,1 fail
ages=55 years and over | Employed part time (persons who usually work less than 35 hours),LNU02624230,LNU02624231,LNU02624232,485,3.0,1 fail
"indy=Mining, quarrying, and oil and gas extraction | Employed",LNU02034561,LNU02037823,LNU02037917,521,3.0,1 fail
ages=25 years and over | Civilian labor force,LNU01000048,LNU01000049,LNU01000050,941,3.0,1 fail
ages=25 to 54 years | Civilian labor force,LNU01000060,LNU01000061,LNU01000062,941,3.0,1 fail
ages=25 years and over | Employed,LNU02000048,LNU02000049,LNU02000050,941,3.0,1 fail
ages=25 to 54 years | Unemployed,LNU03000060,LNU03000061,LNU03000062,941,3.0,1 fail
ages=25 years and over | Unemployed looking for full-time work,LNU03100048,LNU03100049,LNU03100050,600,3.0,2 fail
ages=25 years and over | Employed part time (persons who usually work less than 35 hours),LNU02600048,LNU02600049,LNU02600050,485,3.0,1 fail
ages=25 years and over | Unemployed looking for part-time work,LNU03200048,LNU03200049,LNU03200050,600,3.0,1 fail
ages=25 to 54 years | Employed full time (persons who usually work 35 hours or more),LNU02500060,LNU02500061,LNU02500062,485,3.0,1 fail
ages=25 to 54 years | Employed part time (persons who usually work less than 35 hours),LNU02600060,LNU02600061,LNU02600062,485,3.0,2 fail
ages=25 years and over | Employed full time (persons who usually work 35 hours or more),LNU02500048,LNU02500049,LNU02500050,485,3.0,4 fail
race=White | Not in labor force,LNU05000003,LNU05000004,LNU05000005,600,2.0,OK
ages=25 to 34 years | Civilian noninstitutional population,LNU00000089,LNU00000164,LNU00000327,941,2.0,OK
ages=35 to 44 years | Civilian noninstitutional population,LNU00000091,LNU00000173,LNU00000334,941,2.0,OK
race=Black or African American | Civilian noninstitutional population,LNU00000006,LNU00000007,LNU00000008,653,2.0,OK
race=Black or African American | Civilian labor force,LNU01000006,LNU01000007,LNU01000008,653,2.0,OK
orig=Hispanic or Latino | Not in labor force,LNU05000009,LNU05000010,LNU05000011,600,2.0,OK
ages=25 to 34 years | Civilian labor force,LNU01000089,LNU01000164,LNU01000327,941,2.0,OK
ages=35 to 44 years | Civilian labor force,LNU01000091,LNU01000173,LNU01000334,941,2.0,OK
ages=25 to 54 years | Unemployed looking for full-time work,LNU03100060,LNU03100061,LNU03100062,600,2.0,OK
ages=25 to 34 years | Employed,LNU02000089,LNU02000164,LNU02000327,941,2.0,OK
ages=25 to 34 years | Unemployed,LNU03000089,LNU03000164,LNU03000327,941,2.0,OK
orig=Hispanic or Latino | Unemployed,LNU03000009,LNU03000010,LNU03000011,600,2.0,OK
ages=25 to 34 years | Not in labor force,LNU05000089,LNU05000164,LNU05000327,600,2.0,OK
expr=Experienced | Unemployed,LNU03009117,LNU03009133,LNU03009149,600,2.0,OK
orig=Hispanic or Latino | Employed,LNU02000009,LNU02000010,LNU02000011,600,2.0,OK
ages=25 to 54 years | Employed,LNU02000060,LNU02000061,LNU02000062,941,2.0,OK
orig=Hispanic or Latino | Civilian labor force,LNU01000009,LNU01000010,LNU01000011,600,2.0,OK
orig=Hispanic or Latino | Civilian noninstitutional population,LNU00000009,LNU00000010,LNU00000011,600,2.0,OK
ages=35 to 44 years | Employed,LNU02000091,LNU02000173,LNU02000334,941,2.0,OK
ages=25 to 54 years | Unemployed looking for part-time work,LNU03200060,LNU03200061,LNU03200062,600,2.0,OK
ALL 16+ | Civilian noninstitutional population,LNU00000000,LNU00000001,LNU00000002,941,2.0,OK
ages=35 to 44 years | Unemployed,LNU03000091,LNU03000173,LNU03000334,941,2.0,OK
ages=60 to 64 years | Unemployed,LNU03000096,LNU03000197,LNU03000352,600,2.0,OK
ages=55 to 59 years | Unemployed,LNU03000094,LNU03000189,LNU03000346,600,2.0,OK
ages=55 to 59 years | Not in labor force,LNU05000094,LNU05000189,LNU05000346,600,2.0,OK
ages=55 to 64 years | Civilian noninstitutional population,LNU00000095,LNU00000190,LNU00000347,941,2.0,OK
ages=55 to 64 years | Civilian labor force,LNU01000095,LNU01000190,LNU01000347,941,2.0,OK
ages=55 to 64 years | Employed,LNU02000095,LNU02000190,LNU02000347,941,2.0,OK
ages=60 to 64 years | Civilian noninstitutional population,LNU00000096,LNU00000197,LNU00000352,600,2.0,OK
ages=60 to 64 years | Civilian labor force,LNU01000096,LNU01000197,LNU01000352,600,2.0,OK
ages=60 to 64 years | Employed,LNU02000096,LNU02000197,LNU02000352,600,2.0,OK
ages=60 to 64 years | Not in labor force,LNU05000096,LNU05000197,LNU05000352,600,2.0,OK
ages=35 to 44 years | Not in labor force,LNU05000091,LNU05000173,LNU05000334,600,2.0,OK
ages=65 years and over | Civilian noninstitutional population,LNU00000097,LNU00000199,LNU00000354,941,2.0,OK
education=Some college or associate degree | Employed,LNU02027689,LNU02027693,LNU02027694,413,2.0,OK
ages=65 years and over | Unemployed,LNU03000097,LNU03000199,LNU03000354,941,2.0,OK
ages=65 years and over | Not in labor force,LNU05000097,LNU05000199,LNU05000354,600,2.0,OK
duration=27 to 51 weeks | Unemployed,LNU03008936,LNU03008954,LNU03008975,600,2.0,OK
duration=15 to 26 weeks | Unemployed,LNU03008876,LNU03008894,LNU03008915,600,2.0,OK
duration=5 to 14 weeks | Unemployed,LNU03008756,LNU03008774,LNU03008795,600,2.0,OK
duration=52 weeks and over | Unemployed,LNU03008696,LNU03008714,LNU03008735,600,2.0,OK
ages=55 to 59 years | Employed,LNU02000094,LNU02000189,LNU02000346,600,2.0,OK
ages=55 to 59 years | Civilian labor force,LNU01000094,LNU01000189,LNU01000346,600,2.0,OK
ages=55 to 59 years | Civilian noninstitutional population,LNU00000094,LNU00000189,LNU00000346,600,2.0,OK
ages=55 years and over | Unemployed looking for part-time work,LNU03224230,LNU03224231,LNU03224232,600,2.0,OK
race=White | Unemployed looking for part-time work,LNU03200003,LNU03200004,LNU03200005,600,2.0,OK
race=White | Unemployed,LNU03000003,LNU03000004,LNU03000005,869,2.0,OK
ages=45 years and over | Civilian noninstitutional population,LNU00000092,LNU00000180,LNU00000339,600,2.0,OK
ages=45 years and over | Civilian labor force,LNU01000092,LNU01000180,LNU01000339,600,2.0,OK
ages=45 years and over | Unemployed,LNU03000092,LNU03000180,LNU03000339,600,2.0,OK
ages=45 years and over | Not in labor force,LNU05000092,LNU05000180,LNU05000339,600,2.0,OK
race=White | Employed,LNU02000003,LNU02000004,LNU02000005,869,2.0,OK
race=White | Civilian labor force,LNU01000003,LNU01000004,LNU01000005,869,2.0,OK
ages=45 to 54 years | Civilian noninstitutional population,LNU00000093,LNU00000182,LNU00000341,941,2.0,OK
ages=45 to 54 years | Civilian labor force,LNU01000093,LNU01000182,LNU01000341,941,2.0,OK
ages=45 to 54 years | Employed,LNU02000093,LNU02000182,LNU02000341,941,2.0,OK
ages=45 to 54 years | Unemployed,LNU03000093,LNU03000182,LNU03000341,941,2.0,OK
ages=45 to 54 years | Not in labor force,LNU05000093,LNU05000182,LNU05000341,600,2.0,OK
ages=55 years and over | Employed,LNU02024230,LNU02024231,LNU02024232,941,2.0,OK
ages=55 years and over | Employed full time (persons who usually work 35 hours or more),LNU02524230,LNU02524231,LNU02524232,485,2.0,OK
ages=55 years and over | Unemployed,LNU03024230,LNU03024231,LNU03024232,941,2.0,OK
ages=55 years and over | Unemployed looking for full-time work,LNU03124230,LNU03124231,LNU03124232,600,2.0,OK
ages=45 years and over | Employed,LNU02000092,LNU02000180,LNU02000339,600,2.0,OK
indy=Nonagriculture industries | Employed,LNU02035019,LNU02035020,LNU02035022,941,2.0,OK
ages=16 to 17 years | Civilian noninstitutional population,LNU00000086,LNU00000152,LNU00000317,941,2.0,OK
ages=16 to 19 years | Civilian noninstitutional population,LNU00000012,LNU00000013,LNU00000014,941,2.0,OK
ages=16 to 24 years | Civilian labor force,LNU01024887,LNU01024885,LNU01024886,941,2.0,OK
ages=16 to 19 years | Not in labor force,LNU05000012,LNU05000013,LNU05000014,600,2.0,OK
ages=16 to 19 years | Unemployed looking for part-time work,LNU03200012,LNU03200013,LNU03200014,600,2.0,OK
ages=16 to 19 years | Unemployed looking for full-time work,LNU03100012,LNU03100013,LNU03100014,600,2.0,OK
ages=16 to 19 years | Unemployed,LNU03000012,LNU03000013,LNU03000014,941,2.0,OK
ages=16 to 19 years | Employed part time (persons who usually work less than 35 hours),LNU02600012,LNU02600013,LNU02600014,485,2.0,OK
ages=16 to 19 years | Employed full time (persons who usually work 35 hours or more),LNU02500012,LNU02500013,LNU02500014,485,2.0,OK
ages=16 to 19 years | Employed,LNU02000012,LNU02000013,LNU02000014,941,2.0,OK
ages=16 to 19 years | Civilian labor force,LNU01000012,LNU01000013,LNU01000014,941,2.0,OK
ages=16 to 17 years | Not in labor force,LNU05000086,LNU05000152,LNU05000317,600,2.0,OK
ages=18 to 19 years | Employed,LNU02000088,LNU02000154,LNU02000319,941,2.0,OK
ages=16 to 17 years | Unemployed,LNU03000086,LNU03000152,LNU03000317,941,2.0,OK
ages=16 to 17 years | Employed,LNU02000086,LNU02000152,LNU02000317,941,2.0,OK
ages=16 to 17 years | Civilian labor force,LNU01000086,LNU01000152,LNU01000317,941,2.0,OK
duration=Less than 5 weeks | Unemployed,LNU03008396,LNU03008432,LNU03008474,600,2.0,OK
look=Job losers and persons who completed temporary jobs | Unemployed,LNU03023621,LNU03023737,LNU03023741,600,2.0,OK
look=Quit job (job leavers) | Unemployed,LNU03023705,LNU03023738,LNU03023742,600,2.0,OK
wkst=At work | Employed,LNU02005053,LNU02005117,LNU02005149,600,2.0,OK
ALL 16+ | Not in labor force,LNU05000000,LNU05000001,LNU05000002,617,2.0,OK
ALL 16+ | Employed,LNU02000000,LNU02000001,LNU02000002,941,2.0,OK
ages=18 to 19 years | Civilian noninstitutional population,LNU00000088,LNU00000154,LNU00000319,941,2.0,OK
duration=15 weeks and over | Unemployed,LNU03008516,LNU03008552,LNU03008594,600,2.0,OK
ages=18 to 19 years | Unemployed,LNU03000088,LNU03000154,LNU03000319,941,2.0,OK
ages=20 years and over | Employed full time (persons who usually work 35 hours or more),LNU02500024,LNU02500025,LNU02500026,485,2.0,OK
ages=20 to 24 years | Unemployed looking for full-time work,LNU03100036,LNU03100037,LNU03100038,600,2.0,OK
ages=20 to 24 years | Not in labor force,LNU05000036,LNU05000037,LNU05000038,600,2.0,OK
ages=18 to 19 years | Not in labor force,LNU05000088,LNU05000154,LNU05000319,600,2.0,OK
ages=20 to 24 years | Unemployed,LNU03000036,LNU03000037,LNU03000038,941,2.0,OK
ages=20 to 24 years | Employed part time (persons who usually work less than 35 hours),LNU02600036,LNU02600037,LNU02600038,485,2.0,OK
ages=20 to 24 years | Employed full time (persons who usually work 35 hours or more),LNU02500036,LNU02500037,LNU02500038,485,2.0,OK
ages=20 to 24 years | Civilian labor force,LNU01000036,LNU01000037,LNU01000038,941,2.0,OK
ages=20 to 24 years | Civilian noninstitutional population,LNU00000036,LNU00000037,LNU00000038,941,2.0,OK
ages=20 years and over | Not in labor force,LNU05000024,LNU05000025,LNU05000026,600,2.0,OK
ages=20 years and over | Unemployed,LNU03000024,LNU03000025,LNU03000026,941,2.0,OK
ages=20 years and over | Employed part time (persons who usually work less than 35 hours),LNU02600024,LNU02600025,LNU02600026,485,2.0,OK
ages=20 to 24 years | Employed,LNU02000036,LNU02000037,LNU02000038,941,2.0,OK
ages=20 years and over | Employed,LNU02000024,LNU02000025,LNU02000026,941,2.0,OK
ages=25 years and over | Unemployed,LNU03000048,LNU03000049,LNU03000050,941,2.0,OK
ages=20 years and over | Civilian noninstitutional population,LNU00000024,LNU00000025,LNU00000026,941,2.0,OK
ages=20 to 24 years | Unemployed looking for part-time work,LNU03200036,LNU03200037,LNU03200038,600,2.0,OK
orig=Central or South American | Civilian noninstitutional population,LNU00092166,LNU00092167,LNU00092168,149,1.0,OK
"mjhs=Multiple job holders, hours vary on primary or secondary job | Employed",LNU02026634,LNU02026635,LNU02026636,389,1.0,OK
orig=Central or South American | Employed,LNU02092166,LNU02092167,LNU02092168,149,1.0,OK
"occupation=Production, transportation, and material moving occupations | Employed",LNU02032212,LNU02032494,LNU02032552,521,1.0,OK
occupation=Legal occupations | Employed,LNU02032459,LNU02032477,LNU02032535,317,1.0,OK
orig=Cuban | Civilian labor force,LNU01018242,LNU01022367,LNU01022370,281,1.0,OK
orig=Cuban | Employed,LNU02018242,LNU02022367,LNU02022370,281,1.0,OK
orig=Central or South American | Civilian labor force,LNU01092166,LNU01092167,LNU01092168,149,1.0,OK
occupation=Community and social service occupations | Employed,LNU02032458,LNU02032476,LNU02032534,317,1.0,OK
"occupation=Life, physical, and social science occupations | Employed",LNU02032457,LNU02032475,LNU02032533,317,1.0,OK
occupation=Architecture and engineering occupations | Employed,LNU02032456,LNU02032474,LNU02032532,317,1.0,OK
occupation=Computer and mathematical occupations | Employed,LNU02032455,LNU02032473,LNU02032531,317,1.0,OK
occupation=Professional and related occupations | Employed,LNU02032203,LNU02032472,LNU02032530,521,1.0,OK
occupation=Business and financial operations occupations | Employed,LNU02032454,LNU02032471,LNU02032529,317,1.0,OK
orig=Cuban | Unemployed,LNU03018242,LNU03022367,LNU03022370,281,1.0,OK
orig=Non-Hispanic | Employed,LNU02092169,LNU02092170,LNU02092171,125,1.0,OK
"occupation=Management, business, and financial operations occupations | Employed",LNU02032202,LNU02032469,LNU02032527,521,1.0,OK
"occupation=Management, professional and related occupations | Employed",LNU02032201,LNU02032468,LNU02032526,521,1.0,OK
orig=Cuban | Not in labor force,LNU05018242,LNU05022367,LNU05022370,281,1.0,OK
orig=Non-Hispanic | Unemployed,LNU03092169,LNU03092170,LNU03092171,125,1.0,OK
"mjhs=Multiple job holders, primary and secondary job both full time | Employed",LNU02026631,LNU02026632,LNU02026633,389,1.0,OK
orig=Non-Hispanic | Not in labor force,LNU05092169,LNU05092170,LNU05092171,125,1.0,OK
"occupation=Education, training, and library occupations | Employed",LNU02032460,LNU02032478,LNU02032536,317,1.0,OK
orig=Non-Hispanic | Civilian noninstitutional population,LNU00092169,LNU00092170,LNU00092171,125,1.0,OK
orig=Non-Hispanic | Civilian labor force,LNU01092169,LNU01092170,LNU01092171,125,1.0,OK
occupation=Management occupations | Employed,LNU02032453,LNU02032470,LNU02032528,317,1.0,OK
occupation=Food preparation and serving related occupations | Employed,LNU02032465,LNU02032484,LNU02032542,317,1.0,OK
"occupation=Arts, design, entertainment, sports, and media occupations | Employed",LNU02032461,LNU02032479,LNU02032537,317,1.0,OK
occupation=Office and administrative support occupations | Employed,LNU02032207,LNU02032489,LNU02032547,521,1.0,OK
"occupation=Installation, maintenance, and repair occupations | Employed",LNU02032211,LNU02032493,LNU02032551,521,1.0,OK
occupation=Construction and extraction occupations | Employed,LNU02032210,LNU02032492,LNU02032550,521,1.0,OK
"occupation=Farming, fishing, and forestry occupations | Employed",LNU02032209,LNU02032491,LNU02032549,521,1.0,OK
"occupation=Natural resources, construction, and maintenance occupations | Employed",LNU02032208,LNU02032490,LNU02032548,521,1.0,OK
orig=Hispanic or Latino | Employed part time (persons who usually work less than 35 hours),LNU02600009,LNU02600010,LNU02600011,101,1.0,OK
orig=Mexican | Civilian noninstitutional population,LNU00018240,LNU00022365,LNU00022368,281,1.0,OK
orig=Hispanic or Latino | Employed full time (persons who usually work 35 hours or more),LNU02500009,LNU02500010,LNU02500011,101,1.0,OK
orig=Mexican | Civilian labor force,LNU01018240,LNU01022365,LNU01022368,281,1.0,OK
orig=Mexican | Employed,LNU02018240,LNU02022365,LNU02022368,281,1.0,OK
occupation=Transportation and material moving occupations | Employed,LNU02032214,LNU02032496,LNU02032554,521,1.0,OK
orig=Mexican | Unemployed,LNU03018240,LNU03022365,LNU03022368,281,1.0,OK
orig=Mexican | Not in labor force,LNU05018240,LNU05022365,LNU05022368,281,1.0,OK
orig=Puerto Rican | Civilian noninstitutional population,LNU00018241,LNU00022366,LNU00022369,281,1.0,OK
occupation=Healthcare practitioners and technical occupations | Employed,LNU02032462,LNU02032480,LNU02032538,317,1.0,OK
orig=Puerto Rican | Civilian labor force,LNU01018241,LNU01022366,LNU01022369,281,1.0,OK
orig=Puerto Rican | Employed,LNU02018241,LNU02022366,LNU02022369,281,1.0,OK
orig=Puerto Rican | Unemployed,LNU03018241,LNU03022366,LNU03022369,281,1.0,OK
orig=Puerto Rican | Not in labor force,LNU05018241,LNU05022366,LNU05022369,281,1.0,OK
orig=Cuban | Civilian noninstitutional population,LNU00018242,LNU00022367,LNU00022370,281,1.0,OK
occupation=Sales and related occupations | Employed,LNU02032206,LNU02032488,LNU02032546,521,1.0,OK
occupation=Sales and office occupations | Employed,LNU02032205,LNU02032487,LNU02032545,521,1.0,OK
occupation=Personal care and service occupations | Employed,LNU02032467,LNU02032486,LNU02032544,317,1.0,OK
occupation=Building and grounds cleaning and maintenance occupations | Employed,LNU02032466,LNU02032485,LNU02032543,317,1.0,OK
occupation=Protective service occupations | Employed,LNU02032464,LNU02032483,LNU02032541,317,1.0,OK
occupation=Healthcare support occupations | Employed,LNU02032463,LNU02032482,LNU02032540,317,1.0,OK
occupation=Service occupations | Employed,LNU02032204,LNU02032481,LNU02032539,521,1.0,OK
occupation=Production occupations | Employed,LNU02032213,LNU02032495,LNU02032553,521,1.0,OK
orig=Other Hispanic or Latino (excludes Dominican) | Unemployed,LNU03083447,LNU03083448,LNU03083449,149,1.0,OK
orig=Central or South American | Unemployed,LNU03092166,LNU03092167,LNU03092168,149,1.0,OK
vets=Gulf War Era | Not in labor force,LNU05049571,LNU05049572,LNU05049573,241,1.0,OK
vets=Veterans who served in Gulf War Era 1 but not Gulf War Era 2 | Unemployed,LNU03066415,LNU03066420,LNU03066421,213,1.0,OK
vets=Veterans who served in Gulf War Era 1 but not Gulf War Era 2 | Employed,LNU02066415,LNU02066420,LNU02066421,213,1.0,OK
vets=Veterans who served in Gulf War Era 1 but not Gulf War Era 2 | Civilian labor force,LNU01066415,LNU01066420,LNU01066421,213,1.0,OK
vets=Veterans who served in Gulf War Era 1 but not Gulf War Era 2 | Civilian noninstitutional population,LNU00066415,LNU00066420,LNU00066421,213,1.0,OK
vets=Veterans who served in Gulf War Era 2 (whether or not they served in Era 1) | Not in labor force,LNU05066408,LNU05066413,LNU05066414,245,1.0,OK
vets=Veterans who served in Gulf War Era 2 (whether or not they served in Era 1) | Unemployed,LNU03066408,LNU03066413,LNU03066414,245,1.0,OK
vets=Veterans who served in Gulf War Era 2 (whether or not they served in Era 1) | Employed,LNU02066408,LNU02066413,LNU02066414,245,1.0,OK
vets=Veterans who served in Gulf War Era 2 (whether or not they served in Era 1) | Civilian labor force,LNU01066408,LNU01066413,LNU01066414,245,1.0,OK
vets=Veterans who served in Gulf War Era 2 (whether or not they served in Era 1) | Civilian noninstitutional population,LNU00066408,LNU00066413,LNU00066414,245,1.0,OK
vets=Gulf War Era | Unemployed,LNU03049571,LNU03049572,LNU03049573,241,1.0,OK
orig=Central or South American | Not in labor force,LNU05092166,LNU05092167,LNU05092168,149,1.0,OK
vets=Gulf War Era | Employed,LNU02049571,LNU02049572,LNU02049573,241,1.0,OK
vets=Gulf War Era | Civilian labor force,LNU01049571,LNU01049572,LNU01049573,241,1.0,OK
vets=Gulf War Era | Civilian noninstitutional population,LNU00049571,LNU00049572,LNU00049573,241,1.0,OK
vets=Vietnam era and earlier wartime periods | Not in labor force,LNU05077884,LNU05073765,LNU05073766,213,1.0,OK
vets=Vietnam era and earlier wartime periods | Unemployed,LNU03077884,LNU03073765,LNU03073766,213,1.0,OK
vets=Vietnam era and earlier wartime periods | Employed,LNU02077884,LNU02073765,LNU02073766,213,1.0,OK
vets=Vietnam era and earlier wartime periods | Civilian labor force,LNU01077884,LNU01073765,LNU01073766,213,1.0,OK
vets=Vietnam era and earlier wartime periods | Civilian noninstitutional population,LNU00077884,LNU00073765,LNU00073766,213,1.0,OK
vets=Veteran | Not in labor force,LNU05049526,LNU05049527,LNU05049528,317,1.0,OK
vets=Veterans who served in Gulf War Era 1 but not Gulf War Era 2 | Not in labor force,LNU05066415,LNU05066420,LNU05066421,213,1.0,OK
vets=Other Service Periods (may include peacetime) | Civilian noninstitutional population,LNU00049586,LNU00049587,LNU00049588,241,1.0,OK
vets=Other Service Periods (may include peacetime) | Civilian labor force,LNU01049586,LNU01049587,LNU01049588,241,1.0,OK
vets=Other Service Periods (may include peacetime) | Employed,LNU02049586,LNU02049587,LNU02049588,241,1.0,OK
born=Foreign born | Unemployed,LNU03073395,LNU03073396,LNU03073397,233,1.0,OK
born=Foreign born | Employed,LNU02073395,LNU02073396,LNU02073397,233,1.0,OK
born=Foreign born | Civilian labor force,LNU01073395,LNU01073396,LNU01073397,233,1.0,OK
born=Foreign born | Civilian noninstitutional population,LNU00073395,LNU00073396,LNU00073397,233,1.0,OK
born=Native born | Not in labor force,LNU05073413,LNU05073414,LNU05073415,233,1.0,OK
born=Native born | Unemployed,LNU03073413,LNU03073414,LNU03073415,233,1.0,OK
born=Native born | Employed,LNU02073413,LNU02073414,LNU02073415,233,1.0,OK
born=Native born | Civilian labor force,LNU01073413,LNU01073414,LNU01073415,233,1.0,OK
born=Native born | Civilian noninstitutional population,LNU00073413,LNU00073414,LNU00073415,233,1.0,OK
wkst=With a job not at work | Employed part time (persons who usually work less than 35 hours),LNU02606439,LNU02606471,LNU02606487,389,1.0,OK
wkst=With a job not at work | Employed full time (persons who usually work 35 hours or more),LNU02506439,LNU02506471,LNU02506487,389,1.0,OK
wkst=With a job not at work | Employed,LNU02006439,LNU02006471,LNU02006487,281,1.0,OK
vets=Nonveteran | Not in labor force,LNU05049601,LNU05049602,LNU05049603,317,1.0,OK
vets=Nonveteran | Unemployed,LNU03049601,LNU03049602,LNU03049603,317,1.0,OK
vets=Nonveteran | Employed,LNU02049601,LNU02049602,LNU02049603,317,1.0,OK
vets=Nonveteran | Civilian labor force,LNU01049601,LNU01049602,LNU01049603,317,1.0,OK
vets=Nonveteran | Civilian noninstitutional population,LNU00049601,LNU00049602,LNU00049603,317,1.0,OK
vets=Other Service Periods (may include peacetime) | Not in labor force,LNU05049586,LNU05049587,LNU05049588,241,1.0,OK
vets=Other Service Periods (may include peacetime) | Unemployed,LNU03049586,LNU03049587,LNU03049588,241,1.0,OK
vets=Veteran | Unemployed,LNU03049526,LNU03049527,LNU03049528,317,1.0,OK
vets=Veteran | Employed,LNU02049526,LNU02049527,LNU02049528,317,1.0,OK
vets=Veteran | Civilian labor force,LNU01049526,LNU01049527,LNU01049528,317,1.0,OK
orig=Other Hispanic or Latino (excludes Dominican) | Civilian noninstitutional population,LNU00083447,LNU00083448,LNU00083449,149,1.0,OK
orig=Other Hispanic or Latino | Unemployed,LNU03083441,LNU03083442,LNU03083443,149,1.0,OK
orig=Other Hispanic or Latino | Employed,LNU02083441,LNU02083442,LNU02083443,149,1.0,OK
orig=Other Hispanic or Latino | Civilian labor force,LNU01083441,LNU01083442,LNU01083443,149,1.0,OK
orig=Other Hispanic or Latino | Civilian noninstitutional population,LNU00083441,LNU00083442,LNU00083443,149,1.0,OK
orig=South American | Not in labor force,LNU05083438,LNU05083439,LNU05083440,149,1.0,OK
orig=South American | Unemployed,LNU03083438,LNU03083439,LNU03083440,149,1.0,OK
orig=South American | Employed,LNU02083438,LNU02083439,LNU02083440,149,1.0,OK
orig=South American | Civilian labor force,LNU01083438,LNU01083439,LNU01083440,149,1.0,OK
orig=South American | Civilian noninstitutional population,LNU00083438,LNU00083439,LNU00083440,149,1.0,OK
orig=Other Central American (excludes Salvadoran) | Not in labor force,LNU05083435,LNU05083436,LNU05083437,149,1.0,OK
orig=Other Central American (excludes Salvadoran) | Unemployed,LNU03083435,LNU03083436,LNU03083437,149,1.0,OK
orig=Other Central American (excludes Salvadoran) | Employed,LNU02083435,LNU02083436,LNU02083437,149,1.0,OK
orig=Other Central American (excludes Salvadoran) | Civilian labor force,LNU01083435,LNU01083436,LNU01083437,149,1.0,OK
orig=Other Central American (excludes Salvadoran) | Civilian noninstitutional population,LNU00083435,LNU00083436,LNU00083437,149,1.0,OK
orig=Central American | Not in labor force,LNU05083429,LNU05083430,LNU05083431,149,1.0,OK
orig=Central American | Unemployed,LNU03083429,LNU03083430,LNU03083431,149,1.0,OK
orig=Central American | Employed,LNU02083429,LNU02083430,LNU02083431,149,1.0,OK
orig=Central American | Civilian labor force,LNU01083429,LNU01083430,LNU01083431,149,1.0,OK
orig=Central American | Civilian noninstitutional population,LNU00083429,LNU00083430,LNU00083431,149,1.0,OK
orig=Other Hispanic or Latino | Not in labor force,LNU05083441,LNU05083442,LNU05083443,149,1.0,OK
orig=Other Hispanic or Latino (excludes Dominican) | Civilian labor force,LNU01083447,LNU01083448,LNU01083449,149,1.0,OK
seek=Job Seeker (Looking for work) | Unemployed,LNU03023757,LNU03023767,LNU03023777,175,1.0,OK
orig=Other Hispanic or Latino (excludes Dominican) | Employed,LNU02083447,LNU02083448,LNU02083449,149,1.0,OK
race=Asian | Not in labor force,LNU05032183,LNU05032301,LNU05032342,317,1.0,OK
race=Asian | Unemployed looking for part-time work,LNU03232183,LNU03232301,LNU03232342,317,1.0,OK
race=Asian | Unemployed looking for full-time work,LNU03132183,LNU03132301,LNU03132342,317,1.0,OK
race=Asian | Unemployed,LNU03032183,LNU03032301,LNU03032342,317,1.0,OK
race=Asian | Employed part time (persons who usually work less than 35 hours),LNU02632183,LNU02632301,LNU02632342,317,1.0,OK
race=Asian | Employed full time (persons who usually work 35 hours or more),LNU02532183,LNU02532301,LNU02532342,317,1.0,OK
race=Asian | Employed,LNU02032183,LNU02032301,LNU02032342,317,1.0,OK
race=Asian | Civilian labor force,LNU01032183,LNU01032301,LNU01032342,317,1.0,OK
race=Asian | Civilian noninstitutional population,LNU00032183,LNU00032301,LNU00032342,317,1.0,OK
race=Black or African American | Not in labor force,LNU05000006,LNU05000007,LNU05000008,600,1.0,OK
race=Black or African American | Unemployed,LNU03000006,LNU03000007,LNU03000008,653,1.0,OK
race=Black or African American | Employed part time (persons who usually work less than 35 hours),LNU02600006,LNU02600007,LNU02600008,101,1.0,OK
race=Black or African American | Employed full time (persons who usually work 35 hours or more),LNU02500006,LNU02500007,LNU02500008,101,1.0,OK
race=Black or African American | Employed,LNU02000006,LNU02000007,LNU02000008,653,1.0,OK
race=White | Unemployed looking for full-time work,LNU03100003,LNU03100004,LNU03100005,600,1.0,OK
race=White | Employed part time (persons who usually work less than 35 hours),LNU02600003,LNU02600004,LNU02600005,101,1.0,OK
race=White | Employed full time (persons who usually work 35 hours or more),LNU02500003,LNU02500004,LNU02500005,101,1.0,OK
orig=Other Hispanic or Latino (excludes Dominican) | Not in labor force,LNU05083447,LNU05083448,LNU05083449,149,1.0,OK
"mjhs=Multiple job holders, primary job full time, secondary job part time | Employed",LNU02026625,LNU02026626,LNU02026627,389,1.0,OK
"mjhs=Multiple job holders, primary and secondary job both part time | Employed",LNU02026628,LNU02026629,LNU02026630,389,1.0,OK
education=Bachelor's degree only | Unemployed,LNU03092221,LNU03092226,LNU03092231,126,1.0,OK
mjhs=Multiple job holders | Employed,LNU02026619,LNU02026621,LNU02026623,389,1.0,OK
ages=30 to 34 years | Not in labor force,LNU05024933,LNU05000171,LNU05000332,533,1.0,OK
ages=30 to 34 years | Employed,LNU02024933,LNU02000171,LNU02000332,545,1.0,OK
ages=30 to 34 years | Civilian labor force,LNU01024933,LNU01000171,LNU01000332,545,1.0,OK
ages=30 to 34 years | Civilian noninstitutional population,LNU00024933,LNU00000171,LNU00000332,545,1.0,OK
ages=25 to 54 years | Not in labor force,LNU05000060,LNU05000061,LNU05000062,533,1.0,OK
ages=25 to 54 years | Civilian noninstitutional population,LNU00000060,LNU00000061,LNU00000062,941,1.0,OK
ages=25 to 29 years | Not in labor force,LNU05024932,LNU05000163,LNU05000326,533,1.0,OK
ages=25 to 29 years | Unemployed,LNU03024932,LNU03000163,LNU03000326,545,1.0,OK
ages=25 to 29 years | Employed,LNU02024932,LNU02000163,LNU02000326,545,1.0,OK
ages=25 to 29 years | Civilian labor force,LNU01024932,LNU01000163,LNU01000326,545,1.0,OK
ages=25 to 29 years | Civilian noninstitutional population,LNU00024932,LNU00000163,LNU00000326,545,1.0,OK
ages=25 years and over | Civilian noninstitutional population,LNU00000048,LNU00000049,LNU00000050,941,1.0,OK
ages=20 years and over | Unemployed looking for part-time work,LNU03200024,LNU03200025,LNU03200026,600,1.0,OK
ages=20 years and over | Unemployed looking for full-time work,LNU03100024,LNU03100025,LNU03100026,600,1.0,OK
ages=20 years and over | Civilian labor force,LNU01000024,LNU01000025,LNU01000026,941,1.0,OK
ages=18 years and over | Not in labor force,LNU05076975,LNU05076980,LNU05076985,210,1.0,OK
ages=18 years and over | Unemployed,LNU03076975,LNU03076980,LNU03076985,210,1.0,OK
ages=18 years and over | Employed,LNU02076975,LNU02076980,LNU02076985,210,1.0,OK
ages=30 to 34 years | Unemployed,LNU03024933,LNU03000171,LNU03000332,545,1.0,OK
ages=35 to 39 years | Civilian noninstitutional population,LNU00024934,LNU00000172,LNU00000333,545,1.0,OK
"mari=Widowed, divorced, and separated (including married, spouse absent) | Not in labor force",LNU05028151,LNU05000151,LNU05000316,281,1.0,OK
ages=35 to 39 years | Civilian labor force,LNU01024934,LNU01000172,LNU01000333,545,1.0,OK
ages=50 to 54 years | Unemployed,LNU03024937,LNU03000188,LNU03000345,545,1.0,OK
ages=50 to 54 years | Employed,LNU02024937,LNU02000188,LNU02000345,545,1.0,OK
ages=50 to 54 years | Civilian labor force,LNU01024937,LNU01000188,LNU01000345,545,1.0,OK
ages=50 to 54 years | Civilian noninstitutional population,LNU00024937,LNU00000188,LNU00000345,545,1.0,OK
ages=45 to 49 years | Not in labor force,LNU05024936,LNU05000181,LNU05000340,533,1.0,OK
ages=45 to 49 years | Unemployed,LNU03024936,LNU03000181,LNU03000340,545,1.0,OK
ages=45 to 49 years | Employed,LNU02024936,LNU02000181,LNU02000340,545,1.0,OK
ages=45 to 49 years | Civilian labor force,LNU01024936,LNU01000181,LNU01000340,545,1.0,OK
ages=45 to 49 years | Civilian noninstitutional population,LNU00024936,LNU00000181,LNU00000340,545,1.0,OK
ages=40 to 44 years | Not in labor force,LNU05024935,LNU05000179,LNU05000338,533,1.0,OK
ages=40 to 44 years | Unemployed,LNU03024935,LNU03000179,LNU03000338,545,1.0,OK
ages=40 to 44 years | Employed,LNU02024935,LNU02000179,LNU02000338,545,1.0,OK
ages=40 to 44 years | Civilian labor force,LNU01024935,LNU01000179,LNU01000338,545,1.0,OK
ages=40 to 44 years | Civilian noninstitutional population,LNU00024935,LNU00000179,LNU00000338,545,1.0,OK
ages=35 to 39 years | Not in labor force,LNU05024934,LNU05000172,LNU05000333,533,1.0,OK
ages=35 to 39 years | Unemployed,LNU03024934,LNU03000172,LNU03000333,545,1.0,OK
ages=35 to 39 years | Employed,LNU02024934,LNU02000172,LNU02000333,545,1.0,OK
ages=18 years and over | Civilian labor force,LNU01076975,LNU01076980,LNU01076985,210,1.0,OK
ages=18 years and over | Civilian noninstitutional population,LNU00076975,LNU00076980,LNU00076985,210,1.0,OK
ages=18 to 19 years | Civilian labor force,LNU01000088,LNU01000154,LNU01000319,941,1.0,OK
ages=16 to 24 years | Not in labor force,LNU05024887,LNU05024885,LNU05024886,281,1.0,OK
activity=Enrolled in School | Civilian noninstitutional population,LNU00022967,LNU00022979,LNU00022985,497,1.0,OK
ALL 16+ | Not in Labor Force to other Marginal Outflows,LNU08400000,LNU08400001,LNU08400002,435,1.0,OK
ALL 16+ | Unemployed to other Marginal Outflows,LNU08300000,LNU08300001,LNU08300002,435,1.0,OK
ALL 16+ | Employed to other Marginal Outflows,LNU08200000,LNU08200001,LNU08200002,435,1.0,OK
ALL 16+ | Marginal Inflows to Not in Labor Force,LNU08100000,LNU08100001,LNU08100002,435,1.0,OK
ALL 16+ | Labor Force Flows Not in Labor Force to Not in Labor Force,LNU08000000,LNU08000001,LNU08000002,435,1.0,OK
ALL 16+ | Labor Force Flows Unemployed to Not in Labor Force,LNU07900000,LNU07900001,LNU07900002,435,1.0,OK
ALL 16+ | Labor Force Flows Employed to Not in Labor Force,LNU07800000,LNU07800001,LNU07800002,435,1.0,OK
ALL 16+ | Marginal Inflows to Unemployed,LNU07700000,LNU07700001,LNU07700002,435,1.0,OK
ALL 16+ | Labor Force Flows Not in Labor Force to Unemployed,LNU07600000,LNU07600001,LNU07600002,435,1.0,OK
ALL 16+ | Labor Force Flows Unemployed to Unemployed,LNU07500000,LNU07500001,LNU07500002,435,1.0,OK
ALL 16+ | Labor Force Flows Employed to Unemployed,LNU07400000,LNU07400001,LNU07400002,435,1.0,OK
ALL 16+ | Marginal Inflows to Employed,LNU07300000,LNU07300001,LNU07300002,435,1.0,OK
ALL 16+ | Labor Force Flows Not in Labor Force to Employed,LNU07200000,LNU07200001,LNU07200002,435,1.0,OK
ALL 16+ | Labor Force Flows Unemployed to Employed,LNU07100000,LNU07100001,LNU07100002,435,1.0,OK
ALL 16+ | Labor Force Flows Employed to Employed,LNU07000000,LNU07000001,LNU07000002,435,1.0,OK
ALL 16+ | Unemployed,LNU03000000,LNU03000001,LNU03000002,941,1.0,OK
activity=Enrolled in School | Civilian labor force,LNU01022967,LNU01022979,LNU01022985,497,1.0,OK
activity=Enrolled in School | Employed,LNU02022967,LNU02022979,LNU02022985,497,1.0,OK
activity=Enrolled in School | Employed full time (persons who usually work 35 hours or more),LNU02522967,LNU02522979,LNU02522985,497,1.0,OK
activity=Not Enrolled | Unemployed,LNU03023016,LNU03023048,LNU03023059,497,1.0,OK
ages=16 to 24 years | Unemployed looking for part-time work,LNU03224887,LNU03224885,LNU03224886,281,1.0,OK
ages=16 to 24 years | Unemployed looking for full-time work,LNU03124887,LNU03124885,LNU03124886,281,1.0,OK
ages=16 to 24 years | Unemployed,LNU03024887,LNU03024885,LNU03024886,941,1.0,OK
ages=16 to 24 years | Employed,LNU02024887,LNU02024885,LNU02024886,941,1.0,OK
ages=16 to 24 years | Civilian noninstitutional population,LNU00024887,LNU00024885,LNU00024886,941,1.0,OK
activity=Not Enrolled | Unemployed looking for part-time work,LNU03223016,LNU03223048,LNU03223059,497,1.0,OK
activity=Not Enrolled | Unemployed looking for full-time work,LNU03123016,LNU03123048,LNU03123059,497,1.0,OK
activity=Not Enrolled | Employed part time (persons who usually work less than 35 hours),LNU02623016,LNU02623048,LNU02623059,497,1.0,OK
activity=Enrolled in School | Employed part time (persons who usually work less than 35 hours),LNU02622967,LNU02622979,LNU02622985,497,1.0,OK
activity=Not Enrolled | Employed full time (persons who usually work 35 hours or more),LNU02523016,LNU02523048,LNU02523059,497,1.0,OK
activity=Not Enrolled | Employed,LNU02023016,LNU02023048,LNU02023059,497,1.0,OK
activity=Not Enrolled | Civilian labor force,LNU01023016,LNU01023048,LNU01023059,497,1.0,OK
activity=Not Enrolled | Civilian noninstitutional population,LNU00023016,LNU00023048,LNU00023059,497,1.0,OK
activity=Enrolled in School | Unemployed looking for part-time work,LNU03222967,LNU03222979,LNU03222985,497,1.0,OK
activity=Enrolled in School | Unemployed looking for full-time work,LNU03122967,LNU03122979,LNU03122985,497,1.0,OK
activity=Enrolled in School | Unemployed,LNU03022967,LNU03022979,LNU03022985,497,1.0,OK
ages=50 to 54 years | Not in labor force,LNU05024937,LNU05000188,LNU05000345,533,1.0,OK
ages=55 years and over | Civilian noninstitutional population,LNU00024230,LNU00024231,LNU00024232,941,1.0,OK
ages=55 to 64 years | Unemployed,LNU03000095,LNU03000190,LNU03000347,941,1.0,OK
indy=Social assistance | Employed,LNU02037301,LNU02037846,LNU02037940,521,1.0,OK
"indy=Health service, except hospitals | Employed",LNU02037300,LNU02037845,LNU02037939,521,1.0,OK
indy=Health care and social assistance | Employed,LNU02037298,LNU02037843,LNU02037937,521,1.0,OK
indy=Educational services | Employed,LNU02037297,LNU02037842,LNU02037936,521,1.0,OK
"indy=Management, administrative, and waste services | Employed",LNU02037294,LNU02037840,LNU02037934,521,1.0,OK
indy=Professional and technical services | Employed,LNU02037293,LNU02037839,LNU02037933,521,1.0,OK
indy=Real estate and rental and leasing | Employed,LNU02037290,LNU02037837,LNU02037931,521,1.0,OK
indy=Finance and insurance | Employed,LNU02037287,LNU02037836,LNU02037930,521,1.0,OK
indy=Utilities | Employed,LNU02037280,LNU02037833,LNU02037927,521,1.0,OK
"indy=Agriculture, forestry, fishing, and hunting | Employed",LNU62034560,LNU62035117,LNU62035121,204,1.0,OK
entr=New entrants | Unemployed,LNU03023569,LNU03023740,LNU03023744,175,1.0,OK
entr=Reentrants | Unemployed,LNU03023557,LNU03023739,LNU03023743,175,1.0,OK
education=Advanced degree | Not in labor force,LNU05091113,LNU05091114,LNU05091115,138,1.0,OK
education=Advanced degree | Unemployed,LNU03091113,LNU03091114,LNU03091115,138,1.0,OK
education=Advanced degree | Employed,LNU02091113,LNU02091114,LNU02091115,138,1.0,OK
education=Advanced degree | Civilian labor force,LNU01091113,LNU01091114,LNU01091115,138,1.0,OK
education=Advanced degree | Civilian noninstitutional population,LNU00091113,LNU00091114,LNU00091115,138,1.0,OK
education=Bachelor's degree only | Not in labor force,LNU05092221,LNU05092226,LNU05092231,126,1.0,OK
indy=Hospitals | Employed,LNU02037299,LNU02037844,LNU02037938,521,1.0,OK
"indy=Arts, entertainment, and recreation | Employed",LNU02037302,LNU02037848,LNU02037942,521,1.0,OK
ages=55 to 64 years | Not in labor force,LNU05000095,LNU05000190,LNU05000347,600,1.0,OK
indy=Accommodation and food services | Employed,LNU02037303,LNU02037849,LNU02037943,521,1.0,OK
"mari=Widowed, divorced, and separated (including married, spouse absent) | Unemployed",LNU03028151,LNU03000151,LNU03000316,281,1.0,OK
"mari=Widowed, divorced, and separated (including married, spouse absent) | Employed",LNU02028151,LNU02000151,LNU02000316,281,1.0,OK
"mari=Widowed, divorced, and separated (including married, spouse absent) | Civilian labor force",LNU01028151,LNU01000151,LNU01000316,281,1.0,OK
"mari=Widowed, divorced, and separated (including married, spouse absent) | Civilian noninstitutional population",LNU00028151,LNU00000151,LNU00000316,281,1.0,OK
"mari=Married, spouse present | Not in labor force",LNU05025669,LNU05000150,LNU05000315,281,1.0,OK
"mari=Married, spouse present | Unemployed",LNU03025669,LNU03000150,LNU03000315,857,1.0,OK
"mari=Married, spouse present | Employed",LNU02025669,LNU02000150,LNU02000315,785,1.0,OK
"mari=Married, spouse present | Civilian labor force",LNU01025669,LNU01000150,LNU01000315,857,1.0,OK
"mari=Married, spouse present | Civilian noninstitutional population",LNU00025669,LNU00000150,LNU00000315,281,1.0,OK
mari=Never married | Not in labor force,LNU05027990,LNU05000149,LNU05000314,281,1.0,OK
mari=Never married | Unemployed,LNU03027990,LNU03000149,LNU03000314,281,1.0,OK
mari=Never married | Employed,LNU02027990,LNU02000149,LNU02000314,281,1.0,OK
mari=Never married | Civilian labor force,LNU01027990,LNU01000149,LNU01000314,281,1.0,OK
mari=Never married | Civilian noninstitutional population,LNU00027990,LNU00000149,LNU00000314,281,1.0,OK
jdes=Don't want a job now | Not in labor force,LNU05027039,LNU05027043,LNU05027044,389,1.0,OK
jdes=Want a job now | Not in labor force,LNU05026639,LNU05026640,LNU05026641,389,1.0,OK
indy=Private households | Employed,LNU02034578,LNU02037852,LNU02037946,521,1.0,OK
ALL 16+ | Civilian labor force,LNU01000000,LNU01000001,LNU01000002,941,1.0,OK
education=Bachelor's degree only | Employed,LNU02092221,LNU02092226,LNU02092231,126,1.0,OK
education=Bachelor's degree only | Civilian labor force,LNU01092221,LNU01092226,LNU01092231,126,1.0,OK
education=Bachelor's degree only | Civilian noninstitutional population,LNU00092221,LNU00092226,LNU00092231,126,1.0,OK
ages=75 years and over | Not in labor force,LNU05024942,LNU05015346,LNU05015349,473,1.0,OK
ages=75 years and over | Unemployed,LNU03024942,LNU03015346,LNU03015349,525,1.0,OK
ages=75 years and over | Employed,LNU02024942,LNU02015346,LNU02015349,545,1.0,OK
ages=75 years and over | Civilian labor force,LNU01024942,LNU01015346,LNU01015349,545,1.0,OK
ages=75 years and over | Civilian noninstitutional population,LNU00024942,LNU00015346,LNU00015349,545,1.0,OK
ages=70 to 74 years | Not in labor force,LNU05024941,LNU05024939,LNU05024940,473,1.0,OK
ages=70 to 74 years | Unemployed,LNU03024941,LNU03024939,LNU03024940,545,1.0,OK
ages=70 to 74 years | Employed,LNU02024941,LNU02024939,LNU02024940,545,1.0,OK
ages=70 to 74 years | Civilian labor force,LNU01024941,LNU01024939,LNU01024940,545,1.0,OK
ages=70 to 74 years | Civilian noninstitutional population,LNU00024941,LNU00024939,LNU00024940,545,1.0,OK
ages=65 to 69 years | Not in labor force,LNU05024938,LNU05000203,LNU05000358,533,1.0,OK
ages=65 to 69 years | Unemployed,LNU03024938,LNU03000203,LNU03000358,600,1.0,OK
ages=65 to 69 years | Employed,LNU02024938,LNU02000203,LNU02000358,545,1.0,OK
ages=65 to 69 years | Civilian labor force,LNU01024938,LNU01000203,LNU01000358,545,1.0,OK
ages=65 to 69 years | Civilian noninstitutional population,LNU00024938,LNU00000203,LNU00000358,545,1.0,OK
ages=65 years and over | Employed,LNU02000097,LNU02000199,LNU02000354,941,1.0,OK
ages=65 years and over | Civilian labor force,LNU01000097,LNU01000199,LNU01000354,941,1.0,OK
duration=27 weeks and over | Unemployed,LNU03008636,LNU03008654,LNU03008675,600,1.0,OK
duration=99 weeks and over | Unemployed,LNU03081891,LNU03081892,LNU03081893,161,1.0,OK
education=Less than a High School diploma | Civilian labor force,LNU01027659,LNU01027675,LNU01027679,413,1.0,OK
education=Less than a High School diploma | Employed,LNU02027659,LNU02027675,LNU02027679,413,1.0,OK
education=Bachelor's degree and higher | Unemployed,LNU03027662,LNU03027678,LNU03027682,413,1.0,OK
education=Bachelor's degree and higher | Employed,LNU02027662,LNU02027678,LNU02027682,413,1.0,OK
education=Bachelor's degree and higher | Civilian labor force,LNU01027662,LNU01027678,LNU01027682,413,1.0,OK
education=Associate degree | Unemployed,LNU03027683,LNU03027687,LNU03027688,413,1.0,OK
education=Associate degree | Employed,LNU02027683,LNU02027687,LNU02027688,413,1.0,OK
education=Associate degree | Civilian labor force,LNU01027683,LNU01027687,LNU01027688,413,1.0,OK
"education=Some college, no degree | Unemployed",LNU03027661,LNU03027677,LNU03027681,413,1.0,OK
"education=Some college, no degree | Employed",LNU02027661,LNU02027677,LNU02027681,413,1.0,OK
"education=Some college, no degree | Civilian labor force",LNU01027661,LNU01027677,LNU01027681,413,1.0,OK
education=Some college or associate degree | Unemployed,LNU03027689,LNU03027693,LNU03027694,413,1.0,OK
education=Some college or associate degree | Civilian labor force,LNU01027689,LNU01027693,LNU01027694,413,1.0,OK
"education=High School graduates, no college | Unemployed",LNU03027660,LNU03027676,LNU03027680,413,1.0,OK
"education=High School graduates, no college | Employed",LNU02027660,LNU02027676,LNU02027680,413,1.0,OK
"education=High School graduates, no college | Civilian labor force",LNU01027660,LNU01027676,LNU01027680,413,1.0,OK
education=Less than a High School diploma | Unemployed,LNU03027659,LNU03027675,LNU03027679,413,1.0,OK
born=Foreign born | Not in labor force,LNU05073395,LNU05073396,LNU05073397,233,1.0,OK
vets=Veteran | Civilian noninstitutional population,LNU00049526,LNU00049527,LNU00049528,317,0.0,OK
