date,value,ma12,spans_gap,spans_break
1994-01-01,3906.0,,False,False
1994-02-01,4019.0,,False,False
1994-03-01,4261.0,,False,False
1994-04-01,4269.0,,False,False
1994-05-01,4117.0,,False,False
1994-06-01,4094.0,,False,False
1994-07-01,4023.0,,False,False
1994-08-01,3899.0,,False,False
1994-09-01,4464.0,,False,False
1994-10-01,4388.0,,False,False
1994-11-01,4384.0,,False,False
1994-12-01,4366.0,4182.5,False,False
1995-01-01,4288.0,4214.3,False,False
1995-02-01,4536.0,4257.4,False,False
1995-03-01,4405.0,4269.4,False,False
1995-04-01,4490.0,4287.8,False,False
1995-05-01,4624.0,4330.1,False,False
1995-06-01,4595.0,4371.8,False,False
1995-07-01,4476.0,4409.6,False,False
1995-08-01,4390.0,4450.5,False,False
1995-09-01,4395.0,4444.8,False,False
1995-10-01,4505.0,4454.5,False,False
1995-11-01,4350.0,4451.7,False,False
1995-12-01,4295.0,4445.8,False,False
1996-01-01,4013.0,4422.8,False,False
1996-02-01,4415.0,4412.8,False,False
1996-03-01,4687.0,4436.2,False,False
1996-04-01,4250.0,4416.2,False,False
1996-05-01,4455.0,4402.2,False,False
1996-06-01,4345.0,4381.3,False,False
1996-07-01,4201.0,4358.4,False,False
1996-08-01,4252.0,4346.9,False,False
1996-09-01,4253.0,4335.1,False,False
1996-10-01,4532.0,4337.3,False,False
1996-11-01,4648.0,4362.2,False,False
1996-12-01,4505.0,4379.7,False,False
1997-01-01,4270.0,4401.1,False,False
1997-02-01,4392.0,4399.2,False,False
1997-03-01,4546.0,4387.4,False,False
1997-04-01,4445.0,4403.7,False,False
1997-05-01,4594.0,4415.2,False,False
1997-06-01,4573.0,4434.2,False,False
1997-07-01,4514.0,4460.3,False,False
1997-08-01,4313.0,4465.4,False,False
1997-09-01,4438.0,4480.8,False,False
1997-10-01,4584.0,4485.2,False,False
1997-11-01,4609.0,4481.9,False,False
1997-12-01,4574.0,4487.7,False,False
1998-01-01,4236.0,4484.8,False,False
1998-02-01,4391.0,4484.8,False,False
1998-03-01,4632.0,4491.9,False,False
1998-04-01,4523.0,4498.4,False,False
1998-05-01,4660.0,4503.9,False,False
1998-06-01,4333.0,4483.9,False,False
1998-07-01,4253.0,4462.2,False,False
1998-08-01,4344.0,4464.8,False,False
1998-09-01,4442.0,4465.1,False,False
1998-10-01,4755.0,4479.3,False,False
1998-11-01,4609.0,4479.3,False,False
1998-12-01,4561.0,4478.2,False,False
1999-01-01,4342.0,4487.1,False,False
1999-02-01,4396.0,4487.5,False,False
1999-03-01,4458.0,4473.0,False,False
1999-04-01,4269.0,4451.8,False,False
1999-05-01,4420.0,4431.8,False,False
1999-06-01,3992.0,4403.4,False,False
1999-07-01,4101.0,4390.8,False,False
1999-08-01,3992.0,4361.4,False,False
1999-09-01,4171.0,4338.8,False,False
1999-10-01,4462.0,4314.4,False,False
1999-11-01,4504.0,4305.7,False,False
1999-12-01,4411.0,4293.2,False,False
2000-01-01,4324.0,4291.7,False,False
2000-02-01,4293.0,4283.1,False,False
2000-03-01,4279.0,4268.2,False,False
2000-04-01,4287.0,4269.7,False,False
2000-05-01,4352.0,4264.0,False,False
2000-06-01,4113.0,4274.1,False,False
2000-07-01,4071.0,4271.6,False,False
2000-08-01,4019.0,4273.8,False,False
2000-09-01,4115.0,4269.2,False,False
2000-10-01,4224.0,4249.3,False,False
2000-11-01,4118.0,4217.2,False,False
2000-12-01,4305.0,4208.3,False,False
2001-01-01,4041.0,4184.8,False,False
2001-02-01,4305.0,4185.8,False,False
2001-03-01,4178.0,4177.3,False,False
2001-04-01,4164.0,4167.1,False,False
2001-05-01,3985.0,4136.5,False,False
2001-06-01,4032.0,4129.8,False,False
2001-07-01,4054.0,4128.3,False,False
2001-08-01,3832.0,4112.8,False,False
2001-09-01,3955.0,4099.4,False,False
2001-10-01,3751.0,4060.0,False,False
2001-11-01,3918.0,4043.3,False,False
2001-12-01,4016.0,4019.2,False,False
2002-01-01,3881.0,4005.9,False,False
2002-02-01,4111.0,3989.8,False,False
2002-03-01,4188.0,3990.6,False,False
2002-04-01,4036.0,3979.9,False,False
2002-05-01,3882.0,3971.3,False,False
2002-06-01,3857.0,3956.8,False,False
2002-07-01,3808.0,3936.2,False,False
2002-08-01,3733.0,3928.0,False,False
2002-09-01,3883.0,3922.0,False,False
2002-10-01,3893.0,3933.8,False,False
2002-11-01,3880.0,3930.7,False,False
2002-12-01,4089.0,3936.8,False,False
2003-01-01,3844.0,3933.7,False,False
2003-02-01,4122.0,3934.6,False,False
2003-03-01,3954.0,3915.1,False,False
2003-04-01,3758.0,3891.9,False,False
2003-05-01,3932.0,3896.1,False,False
2003-06-01,3809.0,3892.1,False,False
2003-07-01,3620.0,3876.4,False,False
2003-08-01,3749.0,3877.8,False,False
2003-09-01,3673.0,3860.2,False,False
2003-10-01,3849.0,3856.6,False,False
2003-11-01,3730.0,3844.1,False,False
2003-12-01,3860.0,3825.0,False,False
2004-01-01,3722.0,3814.8,False,False
2004-02-01,3713.0,3780.8,False,False
2004-03-01,3921.0,3778.0,False,False
2004-04-01,3869.0,3787.2,False,False
2004-05-01,3859.0,3781.2,False,False
2004-06-01,3719.0,3773.7,False,False
2004-07-01,3829.0,3791.1,False,False
2004-08-01,3875.0,3801.6,False,False
2004-09-01,4007.0,3829.4,False,False
2004-10-01,4196.0,3858.3,False,False
2004-11-01,4095.0,3888.8,False,False
2004-12-01,4086.0,3907.6,False,False
2005-01-01,3782.0,3912.6,False,False
2005-02-01,3882.0,3926.7,False,False
2005-03-01,3941.0,3928.3,False,False
2005-04-01,3849.0,3926.7,False,False
2005-05-01,3763.0,3918.7,False,False
2005-06-01,4005.0,3942.5,False,False
2005-07-01,3964.0,3953.8,False,False
2005-08-01,3850.0,3951.7,False,False
2005-09-01,4014.0,3952.2,False,False
2005-10-01,4153.0,3948.7,False,False
2005-11-01,4059.0,3945.7,False,False
2005-12-01,4045.0,3942.2,False,False
2006-01-01,3953.0,3956.5,False,False
2006-02-01,3899.0,3957.9,False,False
2006-03-01,3925.0,3956.6,False,False
2006-04-01,3894.0,3960.3,False,False
2006-05-01,3881.0,3970.2,False,False
2006-06-01,3815.0,3954.3,False,False
2006-07-01,3859.0,3945.6,False,False
2006-08-01,3851.0,3945.7,False,False
2006-09-01,4153.0,3957.2,False,False
2006-10-01,4123.0,3954.8,False,False
2006-11-01,4165.0,3963.6,False,False
2006-12-01,4252.0,3980.8,False,False
2007-01-01,4106.0,3993.6,False,False
2007-02-01,4139.0,4013.6,False,False
2007-03-01,4208.0,4037.2,False,False
2007-04-01,4332.0,4073.7,False,False
2007-05-01,4121.0,4093.7,False,False
2007-06-01,4019.0,4110.7,False,False
2007-07-01,3996.0,4122.1,False,False
2007-08-01,4065.0,4139.9,False,False
2007-09-01,4266.0,4149.3,False,False
2007-10-01,4409.0,4173.2,False,False
2007-11-01,4356.0,4189.1,False,False
2007-12-01,4067.0,4173.7,False,False
2008-01-01,4126.0,4175.3,False,False
2008-02-01,4157.0,4176.8,False,False
2008-03-01,4198.0,4176.0,False,False
2008-04-01,4197.0,4164.8,False,False
2008-05-01,4205.0,4171.8,False,False
2008-06-01,4073.0,4176.2,False,False
2008-07-01,4149.0,4189.0,False,False
2008-08-01,4210.0,4201.1,False,False
2008-09-01,4199.0,4195.5,False,False
2008-10-01,4281.0,4184.8,False,False
2008-11-01,4009.0,4155.9,False,False
2008-12-01,4176.0,4165.0,False,False
2009-01-01,3937.0,4149.2,False,False
2009-02-01,4054.0,4140.7,False,False
2009-03-01,4204.0,4141.2,False,False
2009-04-01,4119.0,4134.7,False,False
2009-05-01,3908.0,4109.9,False,False
2009-06-01,3735.0,4081.8,False,False
2009-07-01,3807.0,4053.2,False,False
2009-08-01,3545.0,3997.8,False,False
2009-09-01,3667.0,3953.5,False,False
2009-10-01,3931.0,3924.3,False,False
2009-11-01,3864.0,3912.2,False,False
2009-12-01,3641.0,3867.7,False,False
2010-01-01,3558.0,3836.1,False,False
2010-02-01,3735.0,3809.5,False,False
2010-03-01,3821.0,3777.6,False,False
2010-04-01,3636.0,3737.3,False,False
2010-05-01,3826.0,3730.5,False,False
2010-06-01,3406.0,3703.1,False,False
2010-07-01,3424.0,3671.2,False,False
2010-08-01,3431.0,3661.7,False,False
2010-09-01,3515.0,3649.0,False,False
2010-10-01,3653.0,3625.8,False,False
2010-11-01,3573.0,3601.6,False,False
2010-12-01,3514.0,3591.0,False,False
2011-01-01,3510.0,3587.0,False,False
2011-02-01,3573.0,3573.5,False,False
2011-03-01,3659.0,3560.0,False,False
2011-04-01,3586.0,3555.8,False,False
2011-05-01,3731.0,3547.9,False,False
2011-06-01,3584.0,3562.8,False,False
2011-07-01,3569.0,3574.8,False,False
2011-08-01,3599.0,3588.8,False,False
2011-09-01,3778.0,3610.8,False,False
2011-10-01,3631.0,3608.9,False,False
2011-11-01,3712.0,3620.5,False,False
2011-12-01,3504.0,3619.7,False,False
2012-01-01,3441.0,3613.9,False,False
2012-02-01,3624.0,3618.2,False,False
2012-03-01,3667.0,3618.8,False,False
2012-04-01,3549.0,3615.8,False,False
2012-05-01,3655.0,3609.4,False,False
2012-06-01,3489.0,3601.5,False,False
2012-07-01,3459.0,3592.3,False,False
2012-08-01,3550.0,3588.2,False,False
2012-09-01,3674.0,3579.6,False,False
2012-10-01,3633.0,3579.8,False,False
2012-11-01,3752.0,3583.1,False,False
2012-12-01,3591.0,3590.3,False,False
2013-01-01,3524.0,3597.2,False,False
2013-02-01,3988.0,3627.6,False,False
2013-03-01,3950.0,3651.2,False,False
2013-04-01,3761.0,3668.8,False,False
2013-05-01,3704.0,3672.9,False,False
2013-06-01,3727.0,3692.8,False,False
2013-07-01,3689.0,3711.9,False,False
2013-08-01,3705.0,3724.8,False,False
2013-09-01,3774.0,3733.2,False,False
2013-10-01,3645.0,3734.2,False,False
2013-11-01,3575.0,3719.4,False,False
2013-12-01,3550.0,3716.0,False,False
2014-01-01,3412.0,3706.7,False,False
2014-02-01,3702.0,3682.8,False,False
2014-03-01,3717.0,3663.4,False,False
2014-04-01,3805.0,3667.1,False,False
2014-05-01,3875.0,3681.3,False,False
2014-06-01,3620.0,3672.4,False,False
2014-07-01,3606.0,3665.5,False,False
2014-08-01,3658.0,3661.6,False,False
2014-09-01,3785.0,3662.5,False,False
2014-10-01,4089.0,3699.5,False,False
2014-11-01,4019.0,3736.5,False,False
2014-12-01,3924.0,3767.7,False,False
2015-01-01,3927.0,3810.6,False,False
2015-02-01,3824.0,3820.8,False,False
2015-03-01,3872.0,3833.7,False,False
2015-04-01,3759.0,3829.8,False,False
2015-05-01,3796.0,3823.2,False,False
2015-06-01,3787.0,3837.2,False,False
2015-07-01,3798.0,3853.2,False,False
2015-08-01,3832.0,3867.7,False,False
2015-09-01,3859.0,3873.8,False,False
2015-10-01,4084.0,3873.4,False,False
2015-11-01,4055.0,3876.4,False,False
2015-12-01,4315.0,3909.0,False,False
2016-01-01,3925.0,3908.8,False,False
2016-02-01,3891.0,3914.4,False,False
2016-03-01,4254.0,3946.2,False,False
2016-04-01,3904.0,3958.3,False,False
2016-05-01,4052.0,3979.7,False,False
2016-06-01,3908.0,3989.8,False,False
2016-07-01,3842.0,3993.4,False,False
2016-08-01,3991.0,4006.7,False,False
2016-09-01,4298.0,4043.2,False,False
2016-10-01,4373.0,4067.3,False,False
2016-11-01,4362.0,4092.9,False,False
2016-12-01,4204.0,4083.7,False,False
2017-01-01,3904.0,4081.9,False,False
2017-02-01,4415.0,4125.6,False,False
2017-03-01,4566.0,4151.6,False,False
2017-04-01,4184.0,4174.9,False,False
2017-05-01,4136.0,4181.9,False,False
2017-06-01,4014.0,4190.8,False,False
2017-07-01,3938.0,4198.8,False,False
2017-08-01,3761.0,4179.6,False,False
2017-09-01,4053.0,4159.2,False,False
2017-10-01,4167.0,4142.0,False,False
2017-11-01,4286.0,4135.7,False,False
2017-12-01,4391.0,4151.2,False,False
2018-01-01,4207.0,4176.5,False,False
2018-02-01,4446.0,4179.1,False,False
2018-03-01,4272.0,4154.6,False,False
2018-04-01,4237.0,4159.0,False,False
2018-05-01,4062.0,4152.8,False,False
2018-06-01,4136.0,4163.0,False,False
2018-07-01,4255.0,4189.4,False,False
2018-08-01,4338.0,4237.5,False,False
2018-09-01,4200.0,4249.8,False,False
2018-10-01,4484.0,4276.2,False,False
2018-11-01,4516.0,4295.3,False,False
2018-12-01,4329.0,4290.2,False,False
2019-01-01,4452.0,4310.6,False,False
2019-02-01,4502.0,4315.2,False,False
2019-03-01,4473.0,4332.0,False,False
2019-04-01,4317.0,4338.7,False,False
2019-05-01,4414.0,4368.0,False,False
2019-06-01,4340.0,4385.0,False,False
2019-07-01,4503.0,4405.7,False,False
2019-08-01,4581.0,4425.9,False,False
2019-09-01,4787.0,4474.8,False,False
2019-10-01,4602.0,4484.7,False,False
2019-11-01,4601.0,4491.8,False,False
2019-12-01,4419.0,4499.2,False,False
2020-01-01,4528.0,4505.6,False,False
2020-02-01,4576.0,4511.8,False,False
2020-03-01,4227.0,4491.2,False,False
2020-04-01,3202.0,4398.3,False,False
2020-05-01,3121.0,4290.6,False,False
2020-06-01,3428.0,4214.6,False,False
2020-07-01,3702.0,4147.8,False,False
2020-08-01,3712.0,4075.4,False,False
2020-09-01,3711.0,3985.8,False,False
2020-10-01,3813.0,3920.0,False,False
2020-11-01,3776.0,3851.2,False,False
2020-12-01,3721.0,3793.1,False,False
2021-01-01,3755.0,3728.7,False,False
2021-02-01,3739.0,3658.9,False,False
2021-03-01,4030.0,3642.5,False,False
2021-04-01,3915.0,3701.9,False,False
2021-05-01,4041.0,3778.6,False,False
2021-06-01,3882.0,3816.4,False,False
2021-07-01,3904.0,3833.2,False,False
2021-08-01,3846.0,3844.4,False,False
2021-09-01,3904.0,3860.5,False,False
2021-10-01,4193.0,3892.2,False,False
2021-11-01,3946.0,3906.3,False,False
2021-12-01,4062.0,3934.8,False,False
2022-01-01,4259.0,3976.8,False,False
2022-02-01,4243.0,4018.8,False,False
2022-03-01,4231.0,4035.5,False,False
2022-04-01,4385.0,4074.7,False,False
2022-05-01,4295.0,4095.8,False,False
2022-06-01,4204.0,4122.7,False,False
2022-07-01,4312.0,4156.7,False,False
2022-08-01,4237.0,4189.2,False,False
2022-09-01,4307.0,4222.8,False,False
2022-10-01,4449.0,4244.2,False,False
2022-11-01,4507.0,4290.9,False,False
2022-12-01,4594.0,4335.2,False,False
2023-01-01,4418.0,4348.5,False,False
2023-02-01,4415.0,4362.8,False,False
2023-03-01,4649.0,4397.7,False,False
2023-04-01,4388.0,4397.9,False,False
2023-05-01,4480.0,4413.3,False,False
2023-06-01,4670.0,4452.2,False,False
2023-07-01,4556.0,4472.5,False,False
2023-08-01,4582.0,4501.2,False,False
2023-09-01,4730.0,4536.5,False,False
2023-10-01,4978.0,4580.6,False,False
2023-11-01,5002.0,4621.8,False,False
2023-12-01,5085.0,4662.8,False,False
2024-01-01,4602.0,4678.1,False,False
2024-02-01,4830.0,4712.7,False,False
2024-03-01,5055.0,4746.5,False,False
2024-04-01,4844.0,4784.5,False,False
2024-05-01,4736.0,4805.8,False,False
2024-06-01,4714.0,4809.5,False,False
2024-07-01,4793.0,4829.2,False,False
2024-08-01,4756.0,4843.8,False,False
2024-09-01,4817.0,4851.0,False,False
2024-10-01,4719.0,4829.4,False,False
2024-11-01,4954.0,4825.4,False,False
2024-12-01,4965.0,4815.4,False,False
2025-01-01,4976.0,4846.6,False,False
2025-02-01,5371.0,4891.7,False,False
2025-03-01,5232.0,4906.4,False,False
2025-04-01,4920.0,4912.8,False,False
2025-05-01,4678.0,4907.9,False,False
2025-06-01,5053.0,4936.2,False,False
2025-07-01,4757.0,4933.2,False,False
2025-08-01,5048.0,4957.5,False,False
2025-09-01,5209.0,4990.2,False,False
2025-10-01,,,True,False
2025-11-01,5278.0,,True,False
2025-12-01,4940.0,,True,False
2026-01-01,4768.0,,True,True
2026-02-01,4732.0,,True,True
2026-03-01,4769.0,,True,True
2026-04-01,4773.0,,True,True
2026-05-01,4776.0,,True,True
2026-06-01,4857.0,,True,True
